{
    "sktrl": -51,
    "fhkcx": false,
    "mjdbb": 0.29913160726984434,
    "ftbgh": 23,
    "ypvbc": -79,
    "yehqg": 0.0351489582378004,
    "exbmy": true,
    "imhle": true,
    "wadtu": -17,
    "ghspl": true,
    "vteay": false,
    "npdvf": 0.5648168293995266,
    "zmuer": 72
}