{
    "urhnl": 0.07884175725854348,
    "hqorx": false,
    "zqujp": true,
    "opfat": false,
    "mgmut": 0.6399528133178163,
    "mzrcj": false,
    "llqaw": false,
    "cecau": 0.858486558286388,
    "gqvfo": -96,
    "noehk": 33,
    "bersh": -11,
    "creew": false,
    "zvzwc": false,
    "olxug": -1,
    "opeqv": -41,
    "dmnyc": 0.8697291379674114,
    "nqixy": true,
    "hhvsp": 0.1691360494644607,
    "amfug": 0.523003813577526
}