{
    "vpjvv": 0.28875755345744314,
    "wspzd": true,
    "frafc": 2,
    "nizrd": -13,
    "yympy": false,
    "ltmfd": false,
    "kkulw": 92,
    "mhrui": 0.0669338482431363,
    "xaqja": 0.527069136174635,
    "oxddc": false
}