{
    "tvcad": 0.6197875096604505,
    "kqcxc": true,
    "leljc": false,
    "auegr": 14,
    "yrufw": true,
    "qwmfh": 0.10813656461883248,
    "frcnk": false,
    "koqkd": 0.7223131629971912,
    "bxqvj": true,
    "uxyle": 0.0059954849449477265,
    "qufhn": 0.2046994942711725,
    "sgzrh": 63,
    "upuon": 0.4471794194565968,
    "otmsc": 0.01187448575251493,
    "koukw": -84,
    "bruqy": true,
    "pmwaq": 51,
    "vlsfr": 0.0032830358703299645,
    "amkne": true
}generate_and_write_file