{
    "wkxak": false,
    "oiuhv": 14,
    "eqwsh": false,
    "jafrb": true,
    "asehh": true,
    "ukqro": 22,
    "sskrs": 84,
    "qdroj": -62,
    "fzimd": 92,
    "lkimr": false,
    "balnp": 0.41261450986215353,
    "exezr": 0.5292556126829064,
    "ljato": 0.3934062398162892
}