{
    "wwfio": false,
    "ntfxp": 52,
    "ahgdo": false,
    "uahxh": false,
    "zgjpq": true,
    "dbdxk": 100,
    "izmyp": 0.3399543650966257,
    "nouir": 0.8197814895807686,
    "cyvuz": 0.41160049237146157,
    "lbeda": 0.6107131384202356,
    "frvzi": 45,
    "ivhcv": 0.29587956878304855,
    "akuym": 0.8313958214860739,
    "ptkgt": 0.013472082765173199,
    "wkrmo": true,
    "oacxh": true,
    "xpkyb": true,
    "fcxih": 0.6339999320216169,
    "mntfr": 64,
    "shozy": 0.4363553043600943
}